horizon,model,oo_s,year,n,hit_rate,corr
4,LogReg,2020-07-01,2020,1488,0.5504032258064516,0.08436555338755622
4,GBoost,2020-07-01,2020,1488,0.5389784946236559,0.12517022777626527
16,LogReg,2020-07-01,2020,1488,0.581989247311828,0.10894654898486278
16,GBoost,2020-07-01,2020,1488,0.5524193548387096,0.11488015433297545
24,LogReg,2020-07-01,2020,1488,0.6115591397849462,0.17888626453775883
24,GBoost,2020-07-01,2020,1488,0.4993279569892473,0.008077820898156831
48,LogReg,2020-07-01,2020,1488,0.5793010752688172,0.06961851096315094
48,GBoost,2020-07-01,2020,1488,0.42473118279569894,-0.08988784973404527
4,LogReg,2020-09-01,2020,1464,0.5389344262295082,0.1387158550769902
4,GBoost,2020-09-01,2020,1464,0.5717213114754098,0.13678189310577551
16,LogReg,2020-09-01,2020,1464,0.5478142076502732,0.11373824069733547
16,GBoost,2020-09-01,2020,1464,0.5771857923497268,0.15458908369811727
24,LogReg,2020-09-01,2020,1464,0.5327868852459017,0.07265267531026215
24,GBoost,2020-09-01,2020,1464,0.5601092896174863,0.12437535182723411
48,LogReg,2020-09-01,2020,1464,0.47540983606557374,-0.033832478862833
48,GBoost,2020-09-01,2020,1464,0.46174863387978143,-0.11474932653351261
4,LogReg,2020-11-01,2020,1464,0.546448087431694,0.04471572187782115
4,GBoost,2020-11-01,2020,1464,0.5396174863387978,0.03600651617820029
16,LogReg,2020-11-01,2020,1464,0.5573770491803278,0.016156598156001924
16,GBoost,2020-11-01,2020,1464,0.5512295081967213,0.026490300026873075
24,LogReg,2020-11-01,2020,1464,0.5771857923497268,-0.008618271456184982
24,GBoost,2020-11-01,2020,1464,0.5703551912568307,-0.014346565127733257
48,LogReg,2020-11-01,2020,1464,0.6277322404371585,0.0005743470693758434
48,GBoost,2020-11-01,2020,1464,0.605191256830601,0.06912311228068925
4,LogReg,2021-01-01,2021,1416,0.5388418079096046,0.11894597270469853
4,GBoost,2021-01-01,2021,1416,0.5416666666666666,0.06046464436379798
16,LogReg,2021-01-01,2021,1416,0.5494350282485876,0.15308063039237457
16,GBoost,2021-01-01,2021,1416,0.5543785310734464,0.06602070600630357
24,LogReg,2021-01-01,2021,1416,0.5769774011299436,0.1535097386893702
24,GBoost,2021-01-01,2021,1416,0.5572033898305084,0.12608390838410363
48,LogReg,2021-01-01,2021,1416,0.6101694915254238,0.09109272753485916
48,GBoost,2021-01-01,2021,1416,0.5988700564971752,0.1767026492318954
4,LogReg,2021-03-01,2021,1464,0.5211748633879781,0.0704249835437592
4,GBoost,2021-03-01,2021,1464,0.5245901639344263,0.05849309649799256
16,LogReg,2021-03-01,2021,1464,0.575136612021858,0.13537425614517734
16,GBoost,2021-03-01,2021,1464,0.5642076502732241,0.09951008744275526
24,LogReg,2021-03-01,2021,1464,0.5614754098360656,0.07363815570877458
24,GBoost,2021-03-01,2021,1464,0.549863387978142,0.12247153116006321
48,LogReg,2021-03-01,2021,1464,0.5594262295081968,0.1363445270933877
48,GBoost,2021-03-01,2021,1464,0.5806010928961749,0.14650923844429123
4,LogReg,2021-05-01,2021,1464,0.5252732240437158,0.10035248673298414
4,GBoost,2021-05-01,2021,1464,0.5013661202185792,0.06410403318887072
16,LogReg,2021-05-01,2021,1464,0.4993169398907104,0.10808656931458073
16,GBoost,2021-05-01,2021,1464,0.5191256830601093,0.08249715136952225
24,LogReg,2021-05-01,2021,1464,0.505464480874317,0.10788086094344677
24,GBoost,2021-05-01,2021,1464,0.5471311475409836,0.15833363458947378
48,LogReg,2021-05-01,2021,1464,0.4931693989071038,0.17144700349406528
48,GBoost,2021-05-01,2021,1464,0.3831967213114754,-0.09823935593380888
4,LogReg,2021-07-01,2021,1488,0.5450268817204301,0.11350563188467465
4,GBoost,2021-07-01,2021,1488,0.5530913978494624,0.11392305332471674
16,LogReg,2021-07-01,2021,1488,0.5658602150537635,0.17262734159619425
16,GBoost,2021-07-01,2021,1488,0.5362903225806451,0.09062155733694059
24,LogReg,2021-07-01,2021,1488,0.5833333333333334,0.1932359366937471
24,GBoost,2021-07-01,2021,1488,0.5228494623655914,0.04309960282292736
48,LogReg,2021-07-01,2021,1488,0.5880376344086021,0.21715180453409902
48,GBoost,2021-07-01,2021,1488,0.5766129032258065,0.24327895038404257
4,LogReg,2021-09-01,2021,1464,0.5211748633879781,0.069960376767958
4,GBoost,2021-09-01,2021,1464,0.5163934426229508,0.05305931531203587
16,LogReg,2021-09-01,2021,1464,0.5471311475409836,0.09421021823587318
16,GBoost,2021-09-01,2021,1464,0.5163934426229508,0.056604220876363825
24,LogReg,2021-09-01,2021,1464,0.5915300546448088,0.12158715993187115
24,GBoost,2021-09-01,2021,1464,0.5457650273224044,0.086897169546604
48,LogReg,2021-09-01,2021,1464,0.6140710382513661,0.10245511176282186
48,GBoost,2021-09-01,2021,1464,0.5512295081967213,0.1374576911485571
4,LogReg,2021-11-01,2021,1464,0.532103825136612,0.03175633328856532
4,GBoost,2021-11-01,2021,1464,0.5409836065573771,0.07540390814832654
16,LogReg,2021-11-01,2021,1464,0.5478142076502732,0.11873828682647401
16,GBoost,2021-11-01,2021,1464,0.5191256830601093,0.051601137329147104
24,LogReg,2021-11-01,2021,1464,0.5471311475409836,0.13139787712813578
24,GBoost,2021-11-01,2021,1464,0.5095628415300546,0.016689445223006437
48,LogReg,2021-11-01,2021,1464,0.5765027322404371,0.06858643191444312
48,GBoost,2021-11-01,2021,1464,0.5362021857923497,0.05226671446778054
4,LogReg,2022-01-01,2022,1416,0.527542372881356,0.06875602890051079
4,GBoost,2022-01-01,2022,1416,0.5254237288135594,0.06617807301503718
16,LogReg,2022-01-01,2022,1416,0.5953389830508474,0.24451310868941023
16,GBoost,2022-01-01,2022,1416,0.5550847457627118,0.14879024816269132
24,LogReg,2022-01-01,2022,1416,0.614406779661017,0.25633076256376697
24,GBoost,2022-01-01,2022,1416,0.5748587570621468,0.19202373108448187
48,LogReg,2022-01-01,2022,1416,0.5741525423728814,0.1815940472121768
48,GBoost,2022-01-01,2022,1416,0.5988700564971752,0.23769926642997435
4,LogReg,2022-03-01,2022,1464,0.5307377049180327,0.08986991841538854
4,GBoost,2022-03-01,2022,1464,0.5280054644808743,0.09046601433711919
16,LogReg,2022-03-01,2022,1464,0.5225409836065574,0.07065078849674793
16,GBoost,2022-03-01,2022,1464,0.5860655737704918,0.21109313049038422
24,LogReg,2022-03-01,2022,1464,0.505464480874317,0.04908860528322013
24,GBoost,2022-03-01,2022,1464,0.5799180327868853,0.1949011590742569
48,LogReg,2022-03-01,2022,1464,0.5368852459016393,0.06009158304542608
48,GBoost,2022-03-01,2022,1464,0.549863387978142,0.036785943438300356
4,LogReg,2022-05-01,2022,1464,0.5423497267759563,0.10787225623204946
4,GBoost,2022-05-01,2022,1464,0.5614754098360656,0.13584508517324312
16,LogReg,2022-05-01,2022,1464,0.505464480874317,0.043582061580993856
16,GBoost,2022-05-01,2022,1464,0.5095628415300546,0.011146518074093526
24,LogReg,2022-05-01,2022,1464,0.5191256830601093,0.02394162945352861
24,GBoost,2022-05-01,2022,1464,0.5006830601092896,-0.08448424808157304
48,LogReg,2022-05-01,2022,1464,0.549863387978142,0.05199616343182322
48,GBoost,2022-05-01,2022,1464,0.51775956284153,-0.14923176528968013
4,LogReg,2022-07-01,2022,1488,0.5470430107526881,0.1150434736660741
4,GBoost,2022-07-01,2022,1488,0.5450268817204301,0.10841111053119198
16,LogReg,2022-07-01,2022,1488,0.5772849462365591,0.15776602415855712
16,GBoost,2022-07-01,2022,1488,0.5793010752688172,0.14164814174182933
24,LogReg,2022-07-01,2022,1488,0.5571236559139785,0.10441914147919248
24,GBoost,2022-07-01,2022,1488,0.5463709677419355,0.1297434384762954
48,LogReg,2022-07-01,2022,1488,0.5228494623655914,-0.00993511831929104
48,GBoost,2022-07-01,2022,1488,0.49260752688172044,-0.02997962503686739
4,LogReg,2022-09-01,2022,1464,0.5129781420765027,0.08991912007229545
4,GBoost,2022-09-01,2022,1464,0.5403005464480874,0.11317534550128297
16,LogReg,2022-09-01,2022,1464,0.546448087431694,0.09487873952712757
16,GBoost,2022-09-01,2022,1464,0.5730874316939891,0.120488833283416
24,LogReg,2022-09-01,2022,1464,0.5648907103825137,0.10247992944402713
24,GBoost,2022-09-01,2022,1464,0.587431693989071,0.1798924173800889
48,LogReg,2022-09-01,2022,1464,0.5389344262295082,0.08722344726654316
48,GBoost,2022-09-01,2022,1464,0.578551912568306,0.14328987435848878
4,LogReg,2022-11-01,2022,1464,0.51775956284153,0.06258867858265088
4,GBoost,2022-11-01,2022,1464,0.5211748633879781,0.06768288377409348
16,LogReg,2022-11-01,2022,1464,0.549863387978142,0.023582652188755087
16,GBoost,2022-11-01,2022,1464,0.4849726775956284,0.012999493589516225
24,LogReg,2022-11-01,2022,1464,0.5273224043715847,0.060686604496790024
24,GBoost,2022-11-01,2022,1464,0.47882513661202186,-0.00941047150980004
48,LogReg,2022-11-01,2022,1464,0.505464480874317,0.005768948639909897
48,GBoost,2022-11-01,2022,1464,0.5034153005464481,0.04924417399994264
4,LogReg,2023-01-01,2023,1416,0.5607344632768362,0.1176312496559665
4,GBoost,2023-01-01,2023,1416,0.5529661016949152,0.13535039215348896
16,LogReg,2023-01-01,2023,1416,0.6002824858757062,0.2272189010533664
16,GBoost,2023-01-01,2023,1416,0.5225988700564972,0.03185013317233611
24,LogReg,2023-01-01,2023,1416,0.6532485875706214,0.29788542084339
24,GBoost,2023-01-01,2023,1416,0.5056497175141242,-0.0024512614636719946
48,LogReg,2023-01-01,2023,1416,0.5353107344632768,0.11587617893929927
48,GBoost,2023-01-01,2023,1416,0.5190677966101694,0.010236322338816804
4,LogReg,2023-03-01,2023,1464,0.546448087431694,0.09632257604469216
4,GBoost,2023-03-01,2023,1464,0.5478142076502732,0.09151185846502118
16,LogReg,2023-03-01,2023,1464,0.5061475409836066,0.04980378063211764
16,GBoost,2023-03-01,2023,1464,0.5355191256830601,0.061269599751301515
24,LogReg,2023-03-01,2023,1464,0.5191256830601093,0.06355185890845834
24,GBoost,2023-03-01,2023,1464,0.5122950819672131,0.05615419077083684
48,LogReg,2023-03-01,2023,1464,0.47950819672131145,-0.022098590005760567
48,GBoost,2023-03-01,2023,1464,0.5280054644808743,0.03252901362480936
4,LogReg,2023-05-01,2023,1464,0.5239071038251366,0.06007129896511831
4,GBoost,2023-05-01,2023,1464,0.5382513661202186,0.07997161272852836
16,LogReg,2023-05-01,2023,1464,0.46174863387978143,-0.06652275349851339
16,GBoost,2023-05-01,2023,1464,0.48292349726775957,-0.03927098243767435
24,LogReg,2023-05-01,2023,1464,0.5122950819672131,0.02922209783768744
24,GBoost,2023-05-01,2023,1464,0.532103825136612,0.0685279907703394
48,LogReg,2023-05-01,2023,1464,0.523224043715847,0.034709929442585635
48,GBoost,2023-05-01,2023,1464,0.5724043715846995,0.23633526443580136
4,LogReg,2023-07-01,2023,1488,0.5651881720430108,0.13258722127557937
4,GBoost,2023-07-01,2023,1488,0.5873655913978495,0.2275461024519607
16,LogReg,2023-07-01,2023,1488,0.5591397849462365,0.1382883270940273
16,GBoost,2023-07-01,2023,1488,0.543010752688172,0.22095787795183916
24,LogReg,2023-07-01,2023,1488,0.5672043010752689,0.1730886547676083
24,GBoost,2023-07-01,2023,1488,0.5611559139784946,0.23299698326413543
48,LogReg,2023-07-01,2023,1488,0.532258064516129,0.07807927719569253
48,GBoost,2023-07-01,2023,1488,0.4946236559139785,0.005263538780345297
4,LogReg,2023-09-01,2023,1464,0.5300546448087432,0.05425695239686077
4,GBoost,2023-09-01,2023,1464,0.5484972677595629,0.08815683073418588
16,LogReg,2023-09-01,2023,1464,0.5095628415300546,-0.011208461369447677
16,GBoost,2023-09-01,2023,1464,0.47540983606557374,-0.00478667628497671
24,LogReg,2023-09-01,2023,1464,0.48770491803278687,0.01567957398214297
24,GBoost,2023-09-01,2023,1464,0.49043715846994534,0.08661664737355626
48,LogReg,2023-09-01,2023,1464,0.3941256830601093,-0.006240454189440868
48,GBoost,2023-09-01,2023,1464,0.44398907103825136,0.034090171533748985
4,LogReg,2023-11-01,2023,1464,0.5525956284153005,0.14921228534016376
4,GBoost,2023-11-01,2023,1464,0.5778688524590164,0.1490879674932135
16,LogReg,2023-11-01,2023,1464,0.5437158469945356,0.1871134617097506
16,GBoost,2023-11-01,2023,1464,0.5908469945355191,0.19526713533837592
24,LogReg,2023-11-01,2023,1464,0.5867486338797814,0.21587398522413914
24,GBoost,2023-11-01,2023,1464,0.5792349726775956,0.16091546910875418
48,LogReg,2023-11-01,2023,1464,0.5901639344262295,0.07184384617605381
48,GBoost,2023-11-01,2023,1464,0.5737704918032787,0.21321359954069133
4,LogReg,2024-01-01,2024,1440,0.5215277777777778,0.046676463351206725
4,GBoost,2024-01-01,2024,1440,0.5395833333333333,0.09758031925169777
16,LogReg,2024-01-01,2024,1440,0.5465277777777777,0.10728535025158459
16,GBoost,2024-01-01,2024,1440,0.5493055555555556,0.13178551507334768
24,LogReg,2024-01-01,2024,1440,0.5694444444444444,0.1125806753134671
24,GBoost,2024-01-01,2024,1440,0.5201388888888889,0.05077022001823118
48,LogReg,2024-01-01,2024,1440,0.5694444444444444,0.04888083643186647
48,GBoost,2024-01-01,2024,1440,0.5138888888888888,-0.051553444211069804
4,LogReg,2024-03-01,2024,1464,0.5327868852459017,0.05302854611962086
4,GBoost,2024-03-01,2024,1464,0.5478142076502732,0.08362956976591951
16,LogReg,2024-03-01,2024,1464,0.5792349726775956,0.15106308856177522
16,GBoost,2024-03-01,2024,1464,0.5409836065573771,0.10713177755841478
24,LogReg,2024-03-01,2024,1464,0.5881147540983607,0.14607179359047343
24,GBoost,2024-03-01,2024,1464,0.532103825136612,0.06647633491968004
48,LogReg,2024-03-01,2024,1464,0.5314207650273224,0.09368790118543725
48,GBoost,2024-03-01,2024,1464,0.549863387978142,0.09376693875492834
4,LogReg,2024-05-01,2024,1464,0.5505464480874317,0.1358344535659835
4,GBoost,2024-05-01,2024,1464,0.5573770491803278,0.16109430797038726
16,LogReg,2024-05-01,2024,1464,0.5717213114754098,0.18161324990166597
16,GBoost,2024-05-01,2024,1464,0.5717213114754098,0.17875353125022525
24,LogReg,2024-05-01,2024,1464,0.5744535519125683,0.18907398566100533
24,GBoost,2024-05-01,2024,1464,0.5443989071038251,0.1494708178562616
48,LogReg,2024-05-01,2024,1464,0.4726775956284153,-0.0015099046699302262
48,GBoost,2024-05-01,2024,1464,0.4323770491803279,-0.14478839481345765
4,LogReg,2024-07-01,2024,1488,0.5134408602150538,0.03469585649233305
4,GBoost,2024-07-01,2024,1488,0.5188172043010753,0.08467541387973852
16,LogReg,2024-07-01,2024,1488,0.4905913978494624,0.028301054331869867
16,GBoost,2024-07-01,2024,1488,0.5073924731182796,0.06818065569301932
24,LogReg,2024-07-01,2024,1488,0.5033602150537635,0.030095413194968498
24,GBoost,2024-07-01,2024,1488,0.532258064516129,0.10550066476740112
48,LogReg,2024-07-01,2024,1488,0.5362903225806451,0.09394440041049884
48,GBoost,2024-07-01,2024,1488,0.553763440860215,0.06493776080388987
4,LogReg,2024-09-01,2024,1464,0.5040983606557377,0.09044197439439292
4,GBoost,2024-09-01,2024,1464,0.5341530054644809,0.14193525304656754
16,LogReg,2024-09-01,2024,1464,0.5607923497267759,0.1331618889574833
16,GBoost,2024-09-01,2024,1464,0.5683060109289617,0.1841305862498896
24,LogReg,2024-09-01,2024,1464,0.537568306010929,0.0973540663676575
24,GBoost,2024-09-01,2024,1464,0.5512295081967213,0.07623861974592124
48,LogReg,2024-09-01,2024,1464,0.4562841530054645,0.018398390710033796
48,GBoost,2024-09-01,2024,1464,0.5061475409836066,-0.028349442666088447
4,LogReg,2024-11-01,2024,1464,0.5327868852459017,0.03837071696721536
4,GBoost,2024-11-01,2024,1464,0.5307377049180327,0.08631710025209605
16,LogReg,2024-11-01,2024,1464,0.48360655737704916,-0.0862495666633794
16,GBoost,2024-11-01,2024,1464,0.5396174863387978,0.13059092092129732
24,LogReg,2024-11-01,2024,1464,0.5061475409836066,-0.050423925982368265
24,GBoost,2024-11-01,2024,1464,0.6147540983606558,0.35288275659818036
48,LogReg,2024-11-01,2024,1464,0.5204918032786885,0.012276431526352846
48,GBoost,2024-11-01,2024,1464,0.5368852459016393,0.1562075983061217
4,LogReg,2025-01-01,2025,1416,0.5254237288135594,0.07284099739808625
4,GBoost,2025-01-01,2025,1416,0.527542372881356,0.07057644121143992
16,LogReg,2025-01-01,2025,1416,0.5282485875706214,0.06973540414340333
16,GBoost,2025-01-01,2025,1416,0.5663841807909604,0.19827672427954213
24,LogReg,2025-01-01,2025,1416,0.5692090395480226,0.131403369955067
24,GBoost,2025-01-01,2025,1416,0.5925141242937854,0.24132941553738207
48,LogReg,2025-01-01,2025,1416,0.5988700564971752,0.14324198980418115
48,GBoost,2025-01-01,2025,1416,0.5084745762711864,0.07929506067386377
4,LogReg,2025-03-01,2025,1464,0.5293715846994536,0.08543581084775781
4,GBoost,2025-03-01,2025,1464,0.5642076502732241,0.14641977569590253
16,LogReg,2025-03-01,2025,1464,0.5765027322404371,0.13698931619765248
16,GBoost,2025-03-01,2025,1464,0.5812841530054644,0.16223796934183718
24,LogReg,2025-03-01,2025,1464,0.5689890710382514,0.14811759738147043
24,GBoost,2025-03-01,2025,1464,0.5894808743169399,0.1618851895498014
48,LogReg,2025-03-01,2025,1464,0.5655737704918032,0.1147127778935385
48,GBoost,2025-03-01,2025,1464,0.523224043715847,0.0005243256482801761
4,LogReg,2025-05-01,2025,1464,0.5102459016393442,0.05911935565734131
4,GBoost,2025-05-01,2025,1464,0.5614754098360656,0.094712856537348
16,LogReg,2025-05-01,2025,1464,0.5116120218579235,0.07792898308353724
16,GBoost,2025-05-01,2025,1464,0.5635245901639344,0.14163689204062252
24,LogReg,2025-05-01,2025,1464,0.5204918032786885,0.07799433754797555
24,GBoost,2025-05-01,2025,1464,0.5443989071038251,0.11605807134480228
48,LogReg,2025-05-01,2025,1464,0.5860655737704918,0.22048590868599638
48,GBoost,2025-05-01,2025,1464,0.575136612021858,0.10522427807433479
4,LogReg,2025-07-01,2025,1488,0.5033602150537635,-0.023869672335637058
4,GBoost,2025-07-01,2025,1488,0.5336021505376344,0.0857722891011859
16,LogReg,2025-07-01,2025,1488,0.49663978494623656,0.0455353323953016
16,GBoost,2025-07-01,2025,1488,0.5423387096774194,0.14958065499856615
24,LogReg,2025-07-01,2025,1488,0.5060483870967742,0.011843290531025282
24,GBoost,2025-07-01,2025,1488,0.530241935483871,0.11219930491644162
48,LogReg,2025-07-01,2025,1488,0.510752688172043,-0.007523513368477151
48,GBoost,2025-07-01,2025,1488,0.5174731182795699,0.01356083971832182
4,LogReg,2025-09-01,2025,1464,0.519808743169399,0.04932069956413413
4,GBoost,2025-09-01,2025,1464,0.5027322404371585,0.03323973451753998
16,LogReg,2025-09-01,2025,1464,0.514344262295082,0.01672039899774593
16,GBoost,2025-09-01,2025,1464,0.47472677595628415,-0.0016742109023645765
24,LogReg,2025-09-01,2025,1464,0.5403005464480874,0.011135946174296705
24,GBoost,2025-09-01,2025,1464,0.4713114754098361,-0.045233995236465846
48,LogReg,2025-09-01,2025,1464,0.514344262295082,-0.02608708782702372
48,GBoost,2025-09-01,2025,1464,0.4672131147540984,-0.11411433332206361
4,LogReg,2025-11-01,2025,1464,0.5546448087431693,0.0807904028783096
4,GBoost,2025-11-01,2025,1464,0.5457650273224044,0.1055809569125511
16,LogReg,2025-11-01,2025,1464,0.5382513661202186,0.09395248299860995
16,GBoost,2025-11-01,2025,1464,0.5519125683060109,0.06580810123756808
24,LogReg,2025-11-01,2025,1464,0.5327868852459017,0.0734841280984264
24,GBoost,2025-11-01,2025,1464,0.4924863387978142,0.00844488211530224
48,LogReg,2025-11-01,2025,1464,0.5184426229508197,0.1611399225344654
48,GBoost,2025-11-01,2025,1464,0.41120218579234974,-0.10510181870040351
4,LogReg,2026-01-01,2026,1416,0.5169491525423728,0.029574286962178384
4,GBoost,2026-01-01,2026,1416,0.528954802259887,0.06896894944475641
16,LogReg,2026-01-01,2026,1416,0.4971751412429379,0.0036078814653376905
16,GBoost,2026-01-01,2026,1416,0.5296610169491526,0.04031987204189194
24,LogReg,2026-01-01,2026,1416,0.4978813559322034,0.023903551129211977
24,GBoost,2026-01-01,2026,1416,0.4477401129943503,-0.07010590506900705
48,LogReg,2026-01-01,2026,1416,0.4915254237288136,0.010175895639326115
48,GBoost,2026-01-01,2026,1416,0.490819209039548,-0.051425840211771955
4,LogReg,2026-03-01,2026,1464,0.4842896174863388,-0.03234986793088486
4,GBoost,2026-03-01,2026,1464,0.4918032786885246,0.001522332195728127
16,LogReg,2026-03-01,2026,1464,0.5239071038251366,0.022173657002444933
16,GBoost,2026-03-01,2026,1464,0.4760928961748634,-0.05825032031783369
24,LogReg,2026-03-01,2026,1464,0.46379781420765026,-0.08310494545310423
24,GBoost,2026-03-01,2026,1464,0.462431693989071,-0.10277651310359676
48,LogReg,2026-03-01,2026,1464,0.5102459016393442,-0.0628296698961625
48,GBoost,2026-03-01,2026,1464,0.46311475409836067,-0.01432108455962995
